Video,Video title,Video publish time,Comments added,Subscribers gained,Views,Watch time (hours),Subscribers,Impressions,Impressions click-through rate (%)
Total,,,3483,7111,614975,146833.6124,4842,8177111,5.23
Q9yI9D_hZ64,¬øQU√â TAN DISTINTO HABLAMOS ENTRE LATINOS?,"Jun 14, 2021",100,146,8519,1987.4046,139,85438,7.39
NeAzuFiwJyQ,¬øDE PI√ëATAS A TRAGOS Y REGGAETON? | TIPOS DE FIESTAS,"Jun 7, 2021",98,24,8074,2569.666,21,99544,5.49
zoqoy3MxDLA,¬°TEOR√çAS DE DISNEY QUE TE VOLAR√ÅN LA CABEZA!,"Aug 2, 2021",85,409,14041,3177.2796,394,108867,10.05
2TAx08rADho,"¬øUNFOLLOW, MUTEAR Y NO DARSE MALA VIDA? üòÇ","Jul 15, 2021",73,16,5197,1376.1387,14,68870,5.61
5oWFJ5M_xKU,UN D√çA ERES JOVEN Y AL OTRO EL CILANTRO HUELE FRESCO üòÇ,"May 31, 2021",72,18,5832,1280.2947,16,75678,5.71
a6XiYhNVED4,COSAS QUE DEBEN NORMALIZARSE *SIN CENSURA* ft. @ISAIASLANDAETA,"Jun 3, 2021",71,85,10689,3285.4865,82,108071,6.64
Wxolm-rb7OY,¬°COSAS QUE NOS HACEN SENTIR BIEN!,"Jun 10, 2021",69,48,6764,1367.5532,46,84830,6
5OA-m5aF3tU,AN√âCDOTAS PARANORMALES | ¬øESTAMOS SOLOS EN EL MUNDO?,"Jul 26, 2021",54,35,6179,1743.8594,32,89721,4.71
F2HDlFPzqaI,¬øEXISTE UN HIJO FAVORITO EN LAS FAMILIAS?,"May 6, 2021",54,100,6805,1241.6145,96,74166,6.96
Ixfaz9CV-PY,LOS ESCALOFRIANTES CASOS DE MARTHA LAMBERT Y TIMMOTHY PITZEN,"Jul 8, 2021",54,8,4016,856.9715,5,66932,4.47
EbPLqQjA9TU,¬øES COMODIDAD O COSTUMBRE? MUDARSE EN PAREJA,"Aug 23, 2021",50,33,7308,2160.7779,30,81123,6.32
1_aY-cEdTyM,PERDONAR INFIDELIDADES Y LAS TRAICIONES DE AMISTAD üíî,"Jul 5, 2021",49,16,5483,1417.1008,13,65949,6.21
Tk8ZNS6Paio,¬°HABLEMOS DE POSITIVIDAD T√ìXICA!,"Aug 9, 2021",47,19,5473,1456.2477,17,72111,5.42
mHt8OulOKDI,¬øSOMOS UN GRUPO MALA INFLUENCIA? üî•üòà,"Jun 21, 2021",47,22,5815,1358.6152,19,65050,6.42
_HiT6ExbKaU,HABLEMOS DE ASTROLOG√çA CON @DIDIDAZE üîÆ,"Sep 27, 2021",46,55,7267,2308.3203,54,88192,5.15
BP9k8tXZlME,COMPRAR EN EL SUPERMERCADO: AMOR/ODIO üòÇ,"Aug 16, 2021",44,11,5406,1908.7056,10,62944,5.84
0Yk5to3zXRM,PROBLEMAS DE PRIMER MUNDO Y EL S√çNDROME DE MIA COLUCCI üòÇ,"Nov 8, 2021",43,25,6138,1723.2748,21,66845,6.57
4eufrbjy-ec,COSTUMBRES EXTRA√ëAS üòÇ ¬øQUE PIENSAS AL BA√ëARTE?,"Jun 24, 2021",43,22,5923,1133.3394,21,66932,6.71
AM7eCHi02lU,"¬°FUMAR, VIDA S3XUAL, TATTOOS Y OTROS TAB√öES!","Jun 28, 2021",42,79,8517,2328.4636,75,89977,6.76
hLEuYB1YUJw,¬øLA EDAD IMPORTA O SOLO ES UN N√öMERO?,"May 17, 2021",41,102,11903,2979.7048,96,119364,5.83
149COO57ass,¬°√âSTE D√çA NOS CAMBI√ì LA VIDA!,"Jun 17, 2021",40,24,5327,1117.9798,20,71838,5.45
4j7DqXPvOdM,"¬°SECRETOS DE HARRY POTTER, CREP√öSCULO Y JUEGOS DEL HAMBRE!","Sep 6, 2021",40,19,4395,1263.6381,15,62901,4.8
6CQT11ZDNWw,¬øCOMO ERA NUESTRA VIDA DE ESTUDIANTE? | TIPOS DE PERSONAS COLEGIAL,"Jul 12, 2021",40,6,5933,1877.4078,5,75095,5.62
OY7sw4PV2fM,HABLEMOS DE LOS TIPOS DE ABUELOS üòÇ,"Jul 19, 2021",40,11,4851,1503.5041,9,82148,4.2
TOKg7uNaddQ,¬øHABLAR DE S3X0 EN P√öBLICO? | LA CONFIANZA DA ASCO üòÇ,"May 24, 2021",37,48,7528,1742.0379,40,81915,6.76
gbVRqto3oDs,SECRETOS QUE EL MUNDO NO QUIERE QUE SEPAS ü•¥,"Oct 4, 2021",37,28,6289,1864.3473,26,69406,6.1
hW-RaPGJ-vA,¬øDIEGO BONETA O MARIO CASAS? | ¬°RECOMENDACIONES DE TODO!,"May 20, 2021",37,9,3566,663.7428,7,61069,4.26
0i1pVmRkUg4,¬°LA PESADILLA DE MUDARSE! | ¬øCUANDO NOS MUDAMOS?,"Jul 22, 2021",36,8,4416,1294.9659,5,61609,5.25
44vtj5bIXkQ,¬°COSAS QUE HACEMOS LOS HOMBRES Y LAS MUJERES!,"Nov 11, 2021",35,14,4352,918.4581,11,40317,7.66
4UWkS0z6Igs,¬øC√ìMO LIDIAR CON ESTR√âS? ü•¥,"Oct 11, 2021",35,6,4439,1219.6935,5,74949,4.21
NJodcKhbyjs,¬°LOS TIPOS DE PADRES!,"Aug 30, 2021",35,30,5888,1812.583,26,79796,5.24
k6BktqTI9UA,¬°CONTAMOS NUESTROS PEORES MIEDOS!,"May 27, 2021",35,26,5228,964.776,19,75757,5.17
VzTeFthL1Lc,¬°HABLEMOS DEL CROSSFIT Y DE GRABARSE EN EL GYM!,"Jan 27, 2022",34,7,2796,641.0048,5,30324,6.55
zsMnLmKsKPk,¬øSIRVE TENER UNA RELACI√ìN A DISTANCIA?,"Nov 1, 2021",34,26,5838,1852.5446,22,60850,6.5
G3K58JVNJJI,¬øC√ìMO SER√Å LA VIDA EN EL METAVERSO?,"Nov 22, 2021",33,4,2934,687.6766,-2,40598,5.05
Iavz6v-KxMA,¬øTE MOLESTA LO QUE HACEN LOS DEM√ÅS? üò°,"Sep 13, 2021",33,11,5056,1498.7076,9,64788,5.45
ferI5YRsHfQ,¬°TIPOS DE FAMILIARES!,"Mar 24, 2022",31,7,3358,867.7135,5,27396,9.08
PFwGItTwfsI,¬øC√ìMO SOMOS LOS LATINOS? üî•,"Sep 23, 2021",30,13,5197,1386.3256,11,67534,5.56
ny6jOPHH1Ho,¬°TIENDAS DE SEGUNDA MANO Y LIMPIEZAS DE CLOSET!,"Oct 14, 2021",29,0,3361,630.2172,-1,42635,5.84
QVpXp1ft_YM,¬°PETER LA ANGUILA NO ESTAÃÅ MUERTO!  FT. PETER LA ANGUILA,"Nov 15, 2021",28,10,3938,566.506,9,45652,6.29
UG21juajxHE,¬øLIDIAR CON GENTE INTERESADA?,"Aug 5, 2021",27,16,4032,814.56,15,62675,4.89
mNZGznrnXy0,¬°LOS DICHOS Y REFRANES M√ÅS WTF!,"Feb 24, 2022",27,11,2872,620.4082,11,28929,7.34
muvWIBnYXKQ,"¬°EL PODER DE LAS REDES SOCIALES! (DEMI LOVATO, METOO, GOFUNDME)","May 3, 2021",27,23,5155,1347.8893,19,84981,4.15
O3aKiy2k5LY,CLOSE FRIENDS DE INSTAGRAM Y SU SIGNIFICADO üòÇüî•,"Nov 25, 2021",26,7,4495,965.5563,4,41268,8.08
PMK1CjGiYaE,¬°LOS SECRETOS DE LAS COMPRAS ONLINE!,"Aug 19, 2021",26,11,3905,1113.0199,11,52801,5.29
2tdKKR2vMmQ,¬°LA VERDAD DE LOS A3US0S EN EL EQUIPO DE GIMNASIA DE USA!,"Sep 2, 2021",25,7,3136,728.2558,6,51370,4.44
Kl4z59IzHPc,¬°HABLEMOS DE GENTE IMPRUDENTE! üòÇ,"Sep 20, 2021",25,10,4649,1039.3003,10,53447,6.52
RXQrt30XNZM,¬°UN JUEGO DEL CALAMAR CON DEMBOW!,"Oct 7, 2021",25,8,4063,977.9099,4,55568,5.41
dL_VQB0rh_o,¬°SALVAR AL MUNDO ANTES DE QUE SE J0D4!,"Nov 4, 2021",25,2,3242,883.5092,1,45002,5.04
nmHs-SAcGZo,¬øQU√â HACER ANTE UN MAL SERVICIO AL CLIENTE?,"Oct 28, 2021",25,2,3873,1038.8882,0,59194,4.81
rQpDK4muyAw,¬øENTRAR√çAMOS A UN CULTO O SECTA?,"May 10, 2021",25,9,4512,896.0657,6,65361,5.15
07OyWnrq_W0,AMIGOS INTERESADOS + EL CASO DE ANNA DELVEY,"Mar 10, 2022",24,8,3650,1211.4987,8,39731,6.27
L3rYXer1Yf8,¬°TEOR√çAS DE NICKELODEON QUE TE VOLAR√ÅN LA CABEZA!,"Feb 7, 2022",24,23,4699,1204.1208,23,42181,7.69
Ub1DDtNqL94,¬°EL FAMOSO C√ìDIGO ENTRE CHICAS!,"Dec 9, 2021",24,21,5580,1371.3783,20,59807,6.71
P5l6qs28TaE,¬°COSAS QUE NOS IRRITAN LA PACIENCIA!,"Apr 7, 2022",23,5,2798,800.5134,4,26502,7.74
PvV0smQIHx8,¬øC√ìMO HUIR DEL MAL DE OJO Y MALAS VIBRAS?,"Apr 11, 2022",23,14,3130,1002.7206,12,32918,6.85
v2mFsaE4gjc,¬øSOMOS O NO SOMOS? ETAPAS DE UNA RELACI√ìN üî•,"Apr 21, 2022",23,21,3462,849.8267,18,30738,8.83
A2Dgm7wEBks,"SOBRE EL DERRUMBE DEL CONDOMINIO EN MIAMI, FLORIDA","Jul 1, 2021",22,11,3632,736.0324,10,59717,4.58
IHEvpSGgNuY,¬øC√ìMO LIDIAR CON LA F#?K1NG ANSIEDAD?,"Feb 10, 2022",22,9,3736,1056.6814,8,48451,5.47
mvNqC0IXtLo,¬øC√ìMO OCURRI√ì LA TRAGEDIA DEL VUELO MH370?,"Feb 3, 2022",22,3,2741,730.8546,1,39587,4.85
oE_1LkK1CxM,¬øC√ìMO PLANIFICAR UN VIAJE GRUPAL? üòÇ,"Sep 30, 2021",22,9,3825,993.9759,5,49673,5.62
obKZ1UIN300,¬øEN QU√â PIENSAS MINUTOS ANTES DE DORMIR?,"Jan 24, 2022",22,9,4227,1151.6158,8,40621,7.42
obkiKhETMPo,¬øC√ìMO LIDIAR CON UN PROBLEMA EXISTENCIAL?,"Feb 28, 2022",22,5,3249,825.0678,3,44233,5.32
z4jf6VX0sCg,"MOMENTOS INC√ìMODOS, VESTIMENTA LABORAL Y LOS PEOS EN LA OFICINA","May 13, 2021",22,15,4152,701.7435,13,63701,4.92
Kn6JEDIgKcI,¬øIR A UN PARQUE TEM√ÅTICO ES REALMENTE DIVERTIDO?,"Sep 9, 2021",21,9,3729,850.234,9,58007,4.6
jH-wDD-44Bs,"¬°HAY QUE CUIDARSE EN LAS APPS DE CITAS! ""THE TINDER SWINDLER""","Feb 14, 2022",21,12,4378,1552.9611,11,47871,6.15
4uHljy8V-H0,¬°DATOS QUE TAL VEZ NO SAB√çAS DE HARRY POTTER!,"Feb 21, 2022",20,5,2348,639.6425,3,29182,5.52
BJ4FFefiFQA,¬°MUERTES QUE HAN TRASCENDIDO EN LA HISTORIA!,"Dec 6, 2021",20,3,3014,716.9346,0,35172,5.96
R-9kKFqbxik,EL MANUAL DE VIAJERO FREQUENTE FT. @FOGONIX,"Apr 4, 2022",20,7,2468,821.5906,7,28085,6.23
l9oWvXWrOSk,¬øC√ìMO UNA MASCOTA TE CAMBIA LA VIDA?,"Aug 26, 2021",20,7,3757,1044.9626,1,55647,4.78
P2SH_0LRDgM,LAS INJUSTICIAS: ¬øPOR UNO PAGAMOS TODOS?,"Mar 21, 2022",19,11,2699,662.5093,6,32967,5.91
Xr89E7hkDtM,¬°LAS REGLAS EST√ÅN PARA ROMPERSE!,"Nov 29, 2021",19,3,3848,1030.6281,0,47425,5.86
t_KQk0xaz_0,¬°MUJERES QUE MARCAN TENDENCIA!,"Mar 17, 2022",19,2,2839,656.5968,2,29503,6.81
10JmJF2JIZk,MANUAL DE C√ìMO SER UNA T√ìXICA üòÇ - #T√ìXICA101,"Dec 16, 2021",18,8,4497,1189.4954,7,47117,6.57
I84Jskexpq8,¬°NUESTRA OPINI√ìN SOBRE LOS JUEGOS OL√çMPICOS!,"Aug 12, 2021",18,11,2933,602.9517,9,51494,4.25
RyaSbDWZ0cM,¬°EL FUROR DE LAS BOY BANDS!,"Oct 21, 2021",18,2,2500,484.2001,-2,36014,5
lahkivR0rAs,¬øJUSTICIA INJUSTA? | EL CASO AGUILERA-MEDEROS,"Dec 23, 2021",18,2,2154,483.2779,0,26300,5.63
NCNTQfxo20s,NO EST√ÅS LISTO PARA ESTA CONVERSACI√ìN ft. CHRIS ANDRADE,"Jan 11, 2021",17,403,14204,2972.6209,388,203237,4.57
PTtBfE_Jv4g,¬°A√ëO NUEVO... RESOLUCIONES NUEVAS! #2020two,"Jan 3, 2022",17,2,2799,657.6489,2,33373,6.04
VGmUCojGQAE,¬øC√ìMO ES TRABAJAR CON TU PAREJA? ü§™,"Apr 25, 2022",17,2,2220,766.4766,1,29413,5.52
0WmIfj5fze0,¬øC√ìMO IRME A ESTUDIAR EN ESTADOS UNIDOS?,"Jan 17, 2022",16,5,3524,1102.5019,3,41362,5.94
9F3HJPwUf4o,¬°HECHOS QUE CAMBIARON AL MUNDO!,"Oct 18, 2021",16,4,4099,1186.8239,3,49491,5.7
WsYXSYN74IE,¬°EL MARKETING ENGA√ëOSO Y EL SPAM ESTAFADOR!,"Dec 13, 2021",16,1,2638,625.9341,1,34593,5.58
_DuUNOHHJ0s,¬°EL ARTE DE REGALAR EN NAVIDAD! üòÇ,"Dec 20, 2021",16,4,3332,898.0771,3,35461,6.42
vcpCJwtib-k,¬°LOS PLACERES NO S3XUAL3S!,"Sep 16, 2021",16,11,4340,964.3861,4,55132,5.84
B1CDYRal68g,¬°HABLEMOS DE LOS TIPOS DE HOBBIES!,"Mar 7, 2022",15,4,3204,847.2258,1,31737,7.22
DtzmmF17yyk,"¬°HALLOWEEN, PUTIDISFRACES Y OTRAS COSAS TENEBROSAS!","Oct 25, 2021",15,9,5128,1716.5554,5,58527,5.78
mLw22euj-4o,¬°EL BOOM DE LOS REBOOTS! NUEVA GENERACI√ìN DE REBELDE Y GOSSIP GIRL,"Jan 20, 2022",15,3,2457,430.5372,3,28211,6.25
tSxZf12zSdk,LAS T√çPICAS METAS DE COMIENZO DE A√ëO üòÇ,"Jan 14, 2022",15,5,2504,534.808,3,30616,5.9
ytDTObLwBVg,¬øERES UN PEOPLE PLEASER?,"Mar 14, 2022",15,5,3279,754.737,5,33330,6.99
5yKhs3XfNKs,¬°EL CASO DE CAMILA ALFARO Y LA V10LENC1A D0M√âSTICA!,"Dec 30, 2021",14,4,3078,678.0098,4,35832,6.29
UlxjI4IGwng,¬°SABER DETECTAR RED FLAGS Y CU√ÅNDO HU√çR!,"Mar 31, 2022",14,29,3129,718.3245,29,30769,7.63
KDCW18DJnKo,¬°MENSAJES OCULTOS DE RANDONAUTICA!,"Dec 2, 2021",12,1,2731,816.1975,0,34856,5.46
OmNvSoCkl_A,¬°LA EXPERIENCIA DE ROBERTO EN EXPO 2020 DUBAI!,"Jan 10, 2022",12,3,2353,387.5083,3,31626,5.32
e-qo1_8oxJc,¬°TIPOS DE PERSONAS EN SALONES DE BELLEZA/SPAS!,"Jan 31, 2022",12,12,4171,1564.272,12,45795,5.93
jO1nH_GZM-U,LOS NIVELES DE ¬øAMISTAD?,"Apr 18, 2022",12,18,3028,695.2829,17,26209,9.07
l22WbF-NjaM,¬°NO SAL√çAMOS DE UNA DISCOTECA!,,12,0,187,33.8359,0,212,66.04
QMGtfYLoLmQ,¬°DILE NO A EMPEZAR EL A√ëO EN BANCARROTA!,"Dec 27, 2021",11,2,2615,728.4468,-1,41492,4.32
fcdmMw5PDkg,"AMANTE O CACHO,  ¬øES LO MISMO?",,11,0,183,34.6168,0,182,55.49
vFW1fy-Y2qo,¬øMENSAJES OCULTOS EN ASTROWORLD?,"Nov 18, 2021",11,6,3233,749.2305,5,36730,6.25
G7lFUNNh7sE,PUEDES CREER QUE... ¬°NOS ESTAFARON!,,10,0,189,46.9136,0,188,59.57
HoNlo5QS53w,¬øC√≥mo ser√°n nuestras bodas?,,10,0,146,41.5743,0,209,53.59
OtI2u34rw3A,MATERIAL DE APOYO | UNA RUMBITA CON LQNTD,,10,0,116,3.8205,0,208,42.79
RdYuxGGBWQ4,SABEMOS QUE LES ENCANTA UN DE TODITO!,"Jun 5, 2021",10,0,191,35.0179,-1,228,57.89
oAMHIB_e25U,¬øDE QU√â COLOR TENEMOS EL AURA? + STORY TELLING DE VICKY,,10,0,175,38.4642,0,241,45.23
qLMD1HjgVtI,EL ARTE DE ENTRENAR PERROS + TIPS PARA DOG OWNERS,"Mar 28, 2022",10,6,2146,785.9518,5,26552,5.28
zoi_qxoRW2Q,¬øLOS PREMIOS HAN MUERTO?,"Apr 14, 2022",10,4,1718,394.9925,4,18573,7.25
CEnuo9_IGts,"LA ESTAFA, LA RUMBA Y EL EPISODIO DE SE‚Ä¶","Jul 29, 2021",9,6,2900,209.1228,5,40262,5.56
LrJTox63FLM,¬°NUESTROS OR√çGENES Y LA CULTURA MIXTA!,"Apr 29, 2021",9,12,2976,488.1436,11,57154,3.94
OALmF9RoRo4,¬øQU√â ESTA PASANDO CON KANYE WEST?,"Mar 4, 2022",9,5,2964,694.5693,5,30796,6.71
WCCwtizPbFs,¬°CONOCENOS MAS CON MUCHAS PREGUNTAS Y RESPUESTAS!,,9,1,193,30.3497,1,234,50.43
WJftcGaNlvs,REACCIONANDO AL HUMOR NEGRO | Lo Que Nadie Te Dijo #28,"Mar 30, 2020",9,14,1320,173.1094,12,17942,5.72
AoEJ9ovvNdY,MATERIAL DE APOYO - LA TRAGICOMEDIA DEL AUDIO,,8,0,89,2.6094,0,166,40.36
Fl2qA0atjL8,YO NO SE DECIR QUE NO! | Lo Que Nadie Te Dijo #1,"Sep 24, 2019",8,27,1465,173.5639,27,17082,6.06
Yms-LpiDoKo,¬øC√ìMO ERA UNA FIESTA DE 15 A√ëOS EN 2006?,"Apr 28, 2022",8,2,1802,399.7202,2,14822,9.59
lHIiMNzyd2A,TAG DEL HERMANO - DERECHO A REPLICA DE CLAUDIO!,"Mar 12, 2022",8,0,1504,58.5355,-1,18768,5.91
w9DRszKOn48,¬°LES PRESENTAMOS UN VISTAZO A NUESTRO EPISODIO LIVE: WARM UP! üî•,,8,0,128,26.5807,0,228,41.23
SlI0EDLa-CI,"OTRO VARIADITO, DE ESOS QUE TANTO AMAN!",,7,0,153,31.1261,0,259,42.86
Trp92fu8Vno,¬°SOLO PARA CHICAS!,,7,0,131,34.0939,0,237,40.93
Y78-kWBS-sA,¬°DIANA PLANCHA EN LAS MA√ëANAS! - NUESTRAS RUTINAS,,7,0,142,36.6735,0,225,47.11
awSxaX1RWus,TRABAJOS QUE NUNCA TENDR√çAMOS!!!!!!,,7,0,159,26.2397,0,217,57.14
lNcUDpv_5_w,¬°LO QUE DEJAMOS A √öLTIMA HORA! üòÇ,"Apr 26, 2021",7,15,3499,975.3819,15,63159,3.33
zx5dR6kupMs,"SNEAK PEEK DE LA CHISMOTECA | IREMOS AL INFIERNO, COMO LAS U√ëAS DE VICKY","Dec 26, 2021",7,1,1229,44.2504,-1,17787,5.33
Ar3asnbbeWM,CHISMOTECA ASTRAL CON @DIDIDAZE üîÆ,,6,0,96,22.7014,0,179,34.08
BJDSd_CD5Lo,LOS MEJORES MOMENTOS DE CHISMOTECA EN 2021 #ContenidoExclusivo,"Jan 6, 2022",6,1,1714,183.2213,0,21728,5.9
FJNzQhp24EE,¬øMEJOR SOLO QUE MAL ACOMPA√ëADO?,"Aug 10, 2020",6,4,1511,442.7614,4,20993,3.9
MOPVp6Nz-1I,MASCULINIDAD Y FEMINIDAD FR√ÅGIL,"Jul 13, 2020",6,2,1057,156.7425,-1,18104,4.61
bCYA94d6wwg,¬°EL AMOR Y LAS SEGUNDAS OPORTUNIDADES!,"Apr 15, 2021",6,15,2761,691.8993,15,46784,4.4
fw9UnFgNlDs,UN SNEAK PEEK DE LA CHISMOTECA ¬øY SI NUESTRA VIDA ACABA?,"Dec 19, 2021",6,0,1055,26.9501,-2,16293,4.6
72VUg0mcwEY,EL PODER DE LAS GROSERIÃÅAS,"Feb 12, 2022",5,0,1143,39.1645,0,17080,4.94
PagveQD0_yQ,√öLTIMOS D√çAS DE COLEGIO Y LA AFICI√ìN POR EUPHORIA,"Feb 17, 2022",5,3,3286,661.5941,3,34322,7.08
aQpQBW-urEU,MUY RICO Y TODO PERO... TE SALE FANTASMEO,"Oct 19, 2020",5,0,1122,256.8453,0,17874,3.78
c70kL41bJ1A,SNEAK PEEK DE LA CHISMOTECA |  ¬°EL DIARIO SECRETO DE ARIANNA!,"Jan 1, 2022",5,1,1315,26.3323,1,18579,5.5
eZfjobKz2Lc,¬°NOS ABRIMOS ONLYFANS!,"Jan 29, 2022",5,4,926,28.2288,2,17778,3.68
huRZUWkXYQc,¬°EL CUENTO DEL EVENTO LIVE!,,5,0,109,25.3454,0,127,62.99
tgmtvepgV5U,¬°LA REPUTACI√ìN LO ES TODO!,"Mar 15, 2021",5,3,1249,328.2777,3,21528,3.84
8k3j5x9i1Ro,"Y A TI, ¬øTE GUSTAN LOS POLICIAS?",,4,0,139,29.6409,0,174,52.87
HyjPpiLoNAc,MATERIAL DE APOYO | LE HICIMOS UN PRANK A ARIANNA EN EL COLEGIO (2015),,4,0,107,1.947,0,198,42.93
NkT_ITElIPg,¬°CONTAMOS NUESTRA PRIMERA VEZ!,"Oct 5, 2020",4,106,5603,1124.7524,102,78852,4.99
WKDI_T_ySbY,¬°HOMBRES Y MUJERES QUE INTIMIDAN!,"Apr 19, 2021",4,21,3305,955.3251,20,48069,4.39
YzqvdOK8AQ8,¬øATRAEMOS LO QUE QUEREMOS?,"Aug 17, 2020",4,4,540,140.5506,3,9648,3.97
d6zO8F5BMQI,UN UPDATE SOBRE NOSOTRAS!,,4,0,177,40.4873,0,373,35.92
d8tqn61YNhc,NUESTROS GUSTOS ADQUIRIDOS üî•,"Sep 14, 2020",4,1,1095,315.3333,1,14586,4.42
hk1J0nD58Ls,¬°AHORRA TUS COMENTARIOS SOBRE MI CUERPO! | BODY SHAMING,"Mar 18, 2021",4,1,1322,251.2267,1,20120,3.87
kFPNV7A276I,¬øCU√ÅNDO REGRESAMOS A VENEZUELA?,"Jan 22, 2022",4,4,1600,55.0643,2,19138,6.27
yDa5nVmkxgg,"Chismoteca de Todito, ¬øQui√©n es LOQUE?",,4,0,160,33.5652,0,203,46.31
2IC-_yO4sXU,¬°NUESTRAS HISTORIAS PARANORMALES!,"May 18, 2020",3,5,1420,349.8184,5,21341,3.84
4h9L_dy430Y,¬°A VECES VIVIR EN ESTADOS UNIDOS NO ES LO QUE PARECE!,"Mar 22, 2021",3,17,3170,902.3641,17,50820,3.91
58PoFY0Hnbg,RESPONDEMOS SUS PREGUNTAS | PICANTE üî•,"Sep 18, 2020",3,3,1039,140.5704,3,18319,4.33
7pACZEA2g8U,TIPOS DE PERSONAS FT. CRISTIAN ONORATO üî•,"Nov 9, 2020",3,13,2533,485.7193,12,41442,4.38
AJ92E2bKVUc,EL CAP√çTULO DE HOY: ¬°LAS AVENTURAS DE RUPERTO EN LOS EMIRATOS!,,3,0,133,38.1162,0,246,41.46
AWvQcfKlUU4,¬°EL DIÃÅA QUE FARRUKO SE POTEOÃÅ!,"Feb 26, 2022",3,1,949,40.3388,-3,15565,4.43
WwNZSI1Bt8c,TEOR√çAS CONSPIRATIVAS ft. CAPO | Lo Que Nadie Te Dijo #16,"Jan 27, 2020",3,3,2126,621.5789,3,27512,4.4
XvCNsctGplM,¬°A VECES NOS DISCRIMINAN!,,3,0,95,25.9281,0,106,64.15
YI0GOjsZ-1E,¬øQU√â ESTUDIAMOS EN LA UNIVERSIDAD?,"Sep 21, 2020",3,9,2519,804.9915,9,33968,3.62
_0TTtedI9Uw,¬°NUESTROS CUENTOS DE AEROPUERTOS!,"Feb 25, 2021",3,4,2153,604.6267,4,32363,4.21
cGK4gsga0Qg,CHISMOTECA DOBLE CUMPLEA√ëOS üéâ,,3,0,92,4.5201,0,177,43.5
sSXJC26CvNE,¬øFORZARLA O ESFORZARSE?,,3,0,134,17.8795,0,218,43.12
vN3_JnaQ8pk,¬°LO BUENO DE VIVIR EN ESTADOS UNIDOS!,"Mar 29, 2021",3,15,1950,503.0638,15,30130,4.05
ylVnR_vyqNE,HABLEMOS SOBRE EL BULLYING,"Mar 19, 2022",3,1,687,16.9436,-1,12864,3.85
3Ixg5jV9-Bs,SNEAK PEEK DE LA CHISMOTECA | ¬°COSAS QUE NO SABIAS SOBRE TU CUERPO!,"Jan 9, 2022",2,3,1032,22.5635,3,16538,4.66
3Kt-wWr0-6Q,¬øNOS QUEDAMOS EN BANCARROTA?,"Feb 22, 2021",2,1,2000,671.1435,1,34052,3.13
6n5mf_LeqxA,¬°AMIG@ DATE CUENTA! | Lo Que Nadie Te Dijo #4,"Oct 22, 2019",2,31,1782,376.5329,31,43999,2.98
CCWcj_Uu4RE,TRAGICOMEDIA ABRIENDO UNA CUENTA DE BANCO,,2,0,35,5.9704,0,56,33.93
D9lbzxTCrEM,¬øNOS SIGUEN CENSURANDO?,"Feb 8, 2021",2,1,625,181.3322,1,12367,3.37
FoyT6Td9L0M,VLOG INEDITO 1.0 - APPLE UNBOXING,,2,0,61,4.341,0,84,53.57
Pmt4J8ibK1o,"SACA, PRENDE Y SORPRENDE | Lo Que Nadie Te Dijo #9","Dec 9, 2019",2,1,737,184.0405,1,10543,4.73
Rq7AkN28Vu4,¬øLQNTD EN EL METAVERSO?,"Mar 5, 2022",2,1,496,11.1306,1,12503,2.63
U3LLAG1Din8,¬øDEJAR QUE TE VEAN D3SNUDX?,"Nov 16, 2020",2,33,3402,716.0549,32,59737,4.19
U5QYQrT9G1o,SITUACIONES INCOMODAS | LQNTD GOES TO @PEPITOSPLAZABRICKELL,"Mar 18, 2020",2,3,1536,497.3597,3,25900,3.41
YrTVjBrYIY8,Que opinan ustedes de las finanzas para hombres vs mujeres? #shorts #finanzas #podcast,"Dec 27, 2021",2,0,1174,4.9046,0,5909,1.12
aar8VW6RGug,PAGAS TU O PAGO YO? Primeras Citas ft. @foodandula x iBurger | Lo Que Nadie Te Dijo #22,"Mar 4, 2020",2,0,767,277.154,0,14748,3.65
dRNu6AYLg3A,¬°NUESTROS SUENÃÉOS FRUSTRADOS!,"Feb 19, 2022",2,0,996,32.012,0,15201,5.02
eEB9OBgIEGU,¬°CONVERSACIONES INC√ìMODAS CON EXTRA√ëOS!,"Apr 22, 2021",2,6,1668,265.3272,6,30044,4.08
g2XGxgk7gUQ,OTRA NOCHE EN MIAMI | Lo Que Nadie Te Dijo #2,"Oct 1, 2019",2,1,546,99.504,1,9850,3.99
l3ZMFhNWEpY,HAZ QUE TE CONTRATEN! | Lo Que Nadie Te Dijo #3,"Oct 8, 2019",2,2,402,92.9278,2,9455,3.26
onCmVjKeJhc,¬°NO ME METAS EN TUS PEOS!,"Sep 28, 2020",2,4,1234,300.411,2,25195,3.31
pASnrQqh9OU,"EL MANUAL DEL ""HOMBRE""","Mar 26, 2022",2,1,1061,27.552,0,13838,5.86
pFjZPamX2ZI,¬°LA MET GALA Y UN MINI DE TODITO!,,2,0,104,29.6594,0,215,40.47
qSKjFLA8bnY,¬°LA GENTE ABUSADORA CON EL PODER!,"Apr 12, 2021",2,3,1128,295.7674,3,25995,2.84
tddUSyqlids,LA METAMORFOSIS CHISMOTEQUERA | QUICKIE TIME,,2,0,76,4.3787,0,102,54.9
ugxCoHWwoKw,LA SEMANA DE CUMPLE DE VICKY,,2,0,46,2.98,0,38,65.79
ulklNBU4FXw,"¬°PREGUNTAS DE CULTURA GENERAL, QUE PICAN! üòÇüî•","Mar 25, 2021",2,2,877,120.5206,1,16849,4.03
 -WEy3fKaE3w,¬øCONCIERTOS O DISCOTECAS POST-COVID? üò±,"Apr 8, 2021",1,3,654,128.7527,3,19738,2.51
0Caz6tkXapg,NUESTRA OPINIOÃÅN SOBRE LOS NARCOS | Lo Que Nadie Te Dijo #19,"Feb 17, 2020",1,1,771,210.7242,1,10288,4.63
0HYbNU3M2Xk,A veces nos da miedo ser sinceros con nuestros amigos #Shorts,"Jan 13, 2022",1,3,1776,9.5819,3,5091,1.61
1fCzwzJ_sb0,"¬øCONSUMIMOS CONTENIDO, O EL A NOSOTROS? | Lo Que Nadie Te Dijo #12","Dec 30, 2019",1,0,372,78.8845,0,6739,3.44
4imzjteziuw,¬°HABLAR CON MUERTOS Y EL SEXTO SENTIDO!,"Mar 8, 2021",1,1,1076,245.2632,1,21140,3.51
78rOnmHZZo0,¬øQUEREMOS UN SUGAR?,"Jun 1, 2020",1,0,1152,261.6327,0,18380,4.03
91lKp9b6WgY,MATERIAL DE APOYO - CONVIVENCIA TENEBROSA,,1,0,37,0.8534,0,36,69.44
B6lsZUumSS4,COMPETITIVIDAD EXCESIVA ft. ARRANQUES DE VICKY üòÇ,"Jul 27, 2020",1,1,492,113.7775,0,7458,4.09
D7Oe5JlosLY,¬°VAMOS AL √öNICO HOTEL EN FORMA DE GUITARRA DEL MUNDO!,"Mar 4, 2021",1,2,680,77.6378,2,17980,2.56
E4-l5K0TifY,¬°LOS SECRETOS DE LA REALEZA!,"Jan 25, 2021",1,3,1338,365.1451,3,21538,3.73
EJmGenALRfA,"VIAJAMOS EN EL TIEMPO: TINDER, REGGAETON, LGBT y m√°s! | Lo Que Nadie Te Dijo #6","Nov 5, 2019",1,3,1056,296.6429,3,25929,2.95
F5_M8CTq-yc,¬øEL VIERNES NEGRO ES UN ENGA√ëO?,"Nov 23, 2020",1,0,799,212.7365,0,13372,3.5
FVrXyTIi_0c,¬øQUI√âN TENDR√Å UN SUGAR EN EL FUTURO? | POWERPOINT PARTY,"Nov 20, 2020",1,0,521,72.7859,0,10609,3.73
FpJgWCXmEuc,"TR√ÅGAME TIERRA ""P*T4 LEY DE MURPHY""","Nov 30, 2020",1,3,1036,281.6376,3,20006,3.66
FzU2xNqeeLo,¬øQU√â SIGNIFICA LO QUE SO√ëAMOS? | Lo Que Nadie Te Dijo #32,"Apr 13, 2020",1,2,623,84.045,2,9201,4.75
GYCKzUD9rbQ,¬øCLASE DE S3X0 EN COLEGIOS?,"Jun 15, 2020",1,3,1216,290.0901,3,20350,3.88
Gf0llyzOFus,¬øC√ìMO C4R4J0 LLEGAMOS HASTA AQU√ç? üòÇ,"Oct 16, 2020",1,0,255,28.1433,0,5508,3.56
HaIsVe-MUmk,"¬øERES OBSESIVO COMPULSIVO? (AL PARECER, DIANA SI üòÇ)","Jan 4, 2021",1,0,836,264.0832,0,15011,3.87
HfMv7d3RVF4,¬°CASI MATAMOS AL GUATANERO!,,1,0,78,31.6295,0,119,41.18
JVS_1UsDisY,‚ÄúTener covid no tiene nada de malo‚Äù #shorts,"Jan 6, 2022",1,0,678,3.1788,0,6419,1.39
LNcCc31QzkY,¬øUNA PAREJA SOLO POR D√çAS FESTIVOS?,"Dec 21, 2020",1,0,611,163.5129,0,13371,3.04
N2G6QUfOh-c,¬øTODOS LOS GOBIERNOS MIENTEN? | NOS VAMOS A COREA DEL NORTE,"Mar 1, 2021",1,3,755,176.8341,3,25418,2.12
NHF_YheXIt4,¬øC√ìMO CONSEGUIMOS MATCHES EN TINDER? | Lo Que Nadie Te Dijo #23,"Mar 9, 2020",1,2,963,417.2829,2,14221,3.3
NIherC_6ako,¬°DIANA Y ARIANNA CHOCARON!,,1,0,115,28.9947,0,196,44.9
Nnicx8pyCRc,SEMANA ANUAL DE LAS BROMAS VOL. 1,"Apr 2, 2022",1,1,685,26.3593,0,12169,3.84
Q50AhhS8mMI,Pollo con Peanut Butter en nuestro episodio de Marketing Enga√±oso ü§£,"Dec 14, 2021",1,0,245,1.6302,0,5560,1.67
QB39Fd4EkYo,¬øQUIERO SER MAMI O MAM√Å? ft. @alepalombizio | Lo Que Nadie Te Dijo #8,"Nov 19, 2019",1,1,748,239.2771,1,16108,2.91
RRgRgv34JBA,EMPRENDER #LikeABoss ft. @alicias.co | Lo Que Nadie Te Dijo #17,"Feb 3, 2020",1,0,366,73.8369,0,9290,2.56
SFPF0blLSn4,¬°VISTAZO DEL CUMPLEA√ëOS DE ANDREA!,,1,0,59,2.9076,0,69,72.46
TQElzMwQ-FY,¬°TODO SOBRE FASTING O AYUNO INTERMITENTE! | Lo Que Nadie Te Dijo #31,"Apr 10, 2020",1,1,332,43.2095,1,7138,3.57
XK7wxxSKwe8,HACKS DE UNIVERSIDAD - COLLEGE HACKS! ft. It's Danny | Lo Que Nadie Te Dijo #20,"Feb 24, 2020",1,0,1102,328.3211,0,15164,3.85
_dI2UB1rdDg,¬°ESTO FUE LO QUE PAS√ì EL D√çA DEL EVENTO!,,1,0,72,5.3312,0,76,67.11
ajOAOIrf440,¬øEXISTE AMISTAD ENTRE HOMBRES Y MUJERES? | Lo Que Nadie Te Dijo - MINI SERIES,"Mar 11, 2020",1,2,555,29.5852,2,8462,5.11
cvqxRJSoWg4,¬°PRIMER YOUTUBE LIVE! | Lo Que Nadie Te Dijo,"May 30, 2020",1,2,544,124.2558,2,10157,3.22
dDZKViqWsYE,BACKSTAGE CON ISAIAS LANDAETA,,1,0,66,2.977,0,124,37.9
fcsNFdexZQE,¬°CASI INCENDIAMOS LA CASA! | BIT√ÅCORA DE NAVIDARKS,"Dec 4, 2020",1,0,265,20.1193,0,7404,2.65
fes1bbTB3P0,¬°NOS REIMOS DE OPINIONES IMPOPULARES!,"May 25, 2020",1,0,856,229.4036,0,11812,4.22
gFeUUSOwUVc,¬°NOS VAMOS A JUICIO! üî•,"Feb 18, 2021",1,0,274,24.8622,0,9626,2.16
guiFV138Efo,SIGUE EL CHISME CON FOODANDULA,,1,0,18,6.5331,0,92,10.87
hCRueql1Zgc,¬øLA GENTE VIVE DE PURAS MODAS?,"Apr 1, 2021",1,3,1011,181.7188,3,21734,3.52
kb1y7pXWTtY,NO SABIA QUE TENIA ANSIEDAD | Lo Que Nadie Te Dijo #7,"Nov 12, 2019",1,1,498,138.6076,1,10436,3.3
kfJcZXZXNMo,EXPECTATIVAS VS REALIDAD Y LA SOCIEDAD METICHE | Lo Que Nadie Te Dijo #34,"Apr 20, 2020",1,2,986,204.8496,2,23004,3.28
l3bnan28Rp8,REACCI√ìN AL LANZAMIENTO DE SPACEX Y PREJUICIOS CULTURALES,"Jun 12, 2020",1,0,108,16.3823,0,4038,1.66
lHgA4A6q7mI,Cuando tu amiga te pide que la acompa√±es al ba√±o #Shorts,"Jan 15, 2022",1,1,645,4.4163,1,7317,1.2
p_TzBUMQLaY,¬°NO ME DAN LAS CUENTAS! ft. @JULIOFINANCE | Lo Que Nadie Te Dijo #5,"Oct 29, 2019",1,15,702,196.6253,15,15766,2.93
srrWkO8Y2uA,EL AMOR Y LOS REALITY SHOWS | Lo Que Nadie Te Dijo #39,"May 11, 2020",1,0,329,58.0015,0,5817,4.23
xgICbArPWIY,¬øCREEMOS EN LA REENCARNACI√ìN?,"Oct 12, 2020",1,2,668,182.6967,2,11434,3.73
y3-uJVM8Jck,¬°NO ME QUIERO QUEDAR POR FUERA!,"Feb 1, 2021",1,3,1030,291.8158,3,20993,3.33
yo-kW9FgqsE,¬°LOS TIPOS DE MAM√ÅS! | Lo Que Nadie Te Dijo #33,"Apr 17, 2020",1,1,655,99.1654,1,8139,5.77
z3knvjDCnOs,¬øTENDR√çAMOS M√ÅS DE UNA PAREJA? | POLIAMOR,"Sep 7, 2020",1,3,781,204.4366,3,14886,3.69
 -Ek6hF9eDH8,Ataques de celos a distancia #Shorts,"Jan 14, 2022",0,1,309,1.6643,1,7983,1.55
 -TT_ChBl6Jw,¬øQUI√âN QUIERE SER MILLONARIO? | LQNTD VERSION üòÇ,"Sep 4, 2020",0,0,365,59.3987,0,9902,2.8
 -UNW22C9EsA,"SOMOS TUÃÅ, YO Y NICOLAS PEREZ | Lo Que Nadie Te Dijo SPECIAL EDITION","Oct 15, 2019",0,4,565,116.1211,3,8084,4.42
 -_Z5i9LRv3o,¬øQU√â NOS PUEDE ENAMORAR?,"Jun 29, 2020",0,0,608,109.4856,0,8219,4.82
 -gWgj7zGOoA,BATALLA DE STREAMING CON LQNTD,,0,0,37,5.6513,0,66,31.82
 -moOS27QM-c,¬øQUEÃÅ BUSCAMOS EN LOS HOMBRES? | Lo Que Nadie Te Dijo #15,"Jan 20, 2020",0,3,929,167.6612,3,14644,4.58
0eT1KcWSOXc,¬°NOS PONEMOS CREATIVOS! | Lo Que Nadie Te Dijo #35,"Apr 24, 2020",0,0,256,44.0237,0,6195,2.82
0txND_yNx2U,LQNTD TE ACONSEJA VOL. 1,"Feb 5, 2022",0,0,750,23.5301,0,15005,3.43
1ol-tFYBNV8,¬°AS√ç ES NUESTRA VIDA!,"Jan 15, 2021",0,0,230,12.2649,0,7470,2.4
43KSq8SpikQ,UNA CHISMOTECA COMPETITIVA,,0,0,30,6.3865,0,31,54.84
4L7-u6Ugj7o,CUMPLEA√ëOS SORPRESA DE ANDREA üòà,"Oct 30, 2020",0,0,328,23.6623,0,5804,3.91
4QNFVVzgylM,¬øQU√â TANTO NOS CONOCEMOS?,"Sep 11, 2020",0,0,816,176.6824,0,13377,3.83
58j8aMaVigM,BITAÃÅCORAS DE CUARENTENA | LQNTD Vlogs,"Mar 20, 2020",0,0,158,14.1603,0,4407,2.59
5mtmY9XbazA,¬øQUE PASARIA SI NUNCA MORIMOS?,,0,0,21,5.687,0,27,37.04
6r4ZevfWEXI,DEBATE PRESIDENCIAL 2020 | PARODIA LQNTD,"Nov 6, 2020",0,1,145,13.414,1,5941,1.7
7nLlR9pwsWI,¬øPOR QUE NOS ODIAN TANTO?,,0,0,50,10.1426,0,48,50
84HHKQgp4EM,¬°NO PODR√ÅS CREERLO! | Lo Que Nadie Te Dijo #38,"May 4, 2020",0,0,390,60.9255,0,7358,3.82
8Vq7E5sNjH4,¬°PREGUNTAS R√ÅPIDAS Y MAKEUP CHALLENGE!,"Aug 21, 2020",0,0,212,33.542,0,6065,2.46
8rgPHEwv9v8,¬°CONFESIONES: VERDADERO O FALSO!,"Aug 28, 2020",0,0,178,26.0332,0,4610,2.97
9BHMpalaSZc,AN√âCDOTAS RUMBERAS | ESPECIAL DE EPISODIO #50,"Jul 21, 2020",0,0,259,53.2114,0,5169,3.31
9NajrFSmBMQ,¬°QUE PENSAMOS SOBRE EL SEXO!,,0,0,85,18.7461,0,115,42.61
9vbG92YxNY8,¬°PREGUNTAS Y RESPUESTAS! | Lo Que Nadie Te Dijo Vlogs,"May 8, 2020",0,1,425,44.5106,1,7825,4.22
AgtvUVIhC0A,¬øNOS ENGA√ëAN CON PLACEB0S?,"Aug 31, 2020",0,0,403,110.6856,0,7980,3.45
AiWW1QweaFY,"QUE EL 2020 SE VUELVA LEJANO, LITERAL...","Dec 28, 2020",0,1,357,82.8781,1,10108,2.25
AopRzYUZn9w,NUD3S ART√çSTICOS | Lo Que Nadie Te Dijo #37,"May 1, 2020",0,0,473,48.0365,0,7946,4.54
CAdnLG5r4Sg,¬°NUESTRO PRIMER ANIVERSARIO!,"Sep 25, 2020",0,0,236,26.3122,0,6280,2.44
Cygjp1DsuPA,¬øQUI√âN ES EL ASESINO? + EXTRA CHISMOTECA,"Oct 2, 2020",0,3,140,10.3201,3,5571,1.76
DMA8iGC-X2Y,¬øINSTAGRAM NOS ESCUCHA?,"Aug 3, 2020",0,1,556,125.285,1,11255,3.23
DrvBDMuVV3M,¬°SE NOS METIERON EN EL APARTAMENTO!,"Oct 26, 2020",0,1,669,146.683,1,12227,3.85
EQmXMVYktdI,¬°CAZAMOS PRODUCTOS A 1 CENTAVO!,"Aug 7, 2020",0,1,229,34.6229,1,5329,3.08
FLL9otRpgPo,¬°REENCUENTRO Y CHALLENGE! | LQNTD Vlogs,"May 22, 2020",0,0,228,29.4742,0,5307,3.11
FO4hAFbzriY,TEOR√çAS CONSPIRATIVAS 3.0 üî•,"Jan 9, 2021",0,0,498,66.8485,0,9608,3.59
FSKvaL3NYsU,CUMPLEANÃÉOS DE VICKY | INTENTO DE VLOG üòÇ,,0,0,34,2.2056,0,28,85.71
FeRj_0G0SgM,¬øQU√â TIPO DE AMIGO ERES?,"Jun 22, 2020",0,2,1667,443.7052,2,24530,4.26
Fn_dr5UhnYg,QUE ES MONTAR CACHOS?,,0,0,23,4.2081,0,21,52.38
G5-OPDJUTJs,NAVIDARKS CULTURAL | Lo Que Nadie Te Dijo #11,"Dec 23, 2019",0,0,372,84.2968,0,10120,2.77
G9v25y7EbcI,¬°LA CUARENTENA NOS TIENE DEMENTES! | LQNTD Vlog #3,"Mar 22, 2020",0,0,110,19.2036,0,3767,1.86
GEXHhCI6QG4,¬°SI ME HACES UN FAVOR HAZLO BIEN! | CHISMOTECA,,0,0,11,2.3487,0,14,28.57
H-tz9eCDpQU,ARREBATADO DANDO VUELTA EN LA JEEPETA FT. CHRIS ANDRADE,,0,0,29,8.9456,0,38,42.11
JAK23o1-8Po,¬°DETR√ÅS DE C√ÅMARA! ft. @VOMBAGRAM,"Jun 8, 2020",0,0,105,28.1339,0,4696,1.53
Jngg1zi5jGs,INTERROGATORIO INCOMODO PT. 1 üî•,"Jan 22, 2021",0,0,326,42.8158,0,8559,2.65
JsbMb1FEJkc,HABLEMOS DE INTERCAMBIOS Y √âTICA NAVIDE√ëA,"Dec 14, 2020",0,1,561,156.9429,1,12188,2.97
KI78aU15ElY,¬°HABLEMOS DEL QU√â DIR√ÅN! ft. @ALBANYARRAN | Lo Que Nadie Te Dijo #30,"Apr 6, 2020",0,0,420,95.6671,0,10787,2.71
KUai3Ew5hhA,"En la chismoteca, esta nuestra opini√≥n y episodio completo","Jan 17, 2022",0,1,650,2.7862,1,7959,1.43
KaOT5ClxyqU,MOMENTO CULTURAL + DIANA Y SU MALETA,,0,0,20,4.6543,0,21,52.38
KnkPEXqYHx0,¬°VENDEREMOS EL CANAL! (NOS OBLIGARON),"Jan 28, 2021",0,0,131,6.3226,0,7674,1.13
Kz-iQ7XdXcI,FETICHES RAROS & ALGO MAS,,0,0,27,5.1917,0,31,41.94
MMVHFGsph9s,NI UNA DIETA M√ÅS CON @COACHJUANBOLIVAR | Lo Que Nadie Te Dijo #26,"Mar 23, 2020",0,0,208,37.3331,0,6830,2.23
Mxb3QGPlfxk,¬°TERMINARON EN SAN VALENTIN! | ¬øCELEBRAR EL 14F?,"Feb 15, 2021",0,0,493,169.4863,0,13961,1.98
NHlSmbiRfhw,¬°NUESTRO INTERCAMBIO NAVIDE√ëO! + GIVEAWAY,"Dec 25, 2020",0,0,191,22.5564,0,6495,2.16
NVzAf8VqoBQ,¬°COMPRAMOS TODO ESTO CON $5!,"Jun 19, 2020",0,0,309,40.6135,0,5768,3.94
NoK7UHjLCOo,TENEMOS 25 DIAS CON COVID,,0,0,30,10.5538,0,38,39.47
O6vqQMHttiM,¬øQU√â HAY EN MI BOCA? ft. @FOODANDULA,"Jun 26, 2020",0,1,144,19.13,1,4746,2
OFwvwTOtuds,LOS 15CS DE DIANA Y ARIANNA üî•,"Oct 9, 2020",0,0,404,42.0473,0,6572,4.34
OKedlSeyjWg,¬°COMPRAMOS TODO ESTO POR $10!,"Jul 17, 2020",0,0,353,59.5769,0,6530,4.04
OQp6xp7Qk4Q,CUANDO EL AUDIO SE TE POTEA...,,0,0,16,1.0897,0,17,41.18
P7REzP5-vWQ,¬øBAJARLE 2 AL RADICALISMO?,"Jul 6, 2020",0,0,180,40.7383,0,4167,2.93
PESQcRPf_QI,NOS HICIMOS EL TEST DEL COVID-19,"Jul 31, 2020",0,0,137,21.1049,0,4724,2.22
PET5iepw520,ENTRAMOS A OMEGLE Y ESTO PAS√ì...,"Nov 13, 2020",0,0,210,15.6558,0,6409,2.53
PgeOkY-XiP8,¬°LO TRENDING DE 2019! | Lo Que Nadie Te Dijo #14,"Jan 13, 2020",0,0,308,81.6143,0,5721,3.02
Q7Sq3fVs3Fk,NUNCA ES TARDE PARA EMPEZAR! FT. @YOUCANVFIT | LQNTD #27,"Mar 25, 2020",0,0,153,39.8026,0,4972,2.13
QK4qjI8Ok2w,NO SEAS UNA F*CKING ENVIDIOSA,,0,0,36,7.776,0,43,46.51
QztUXGpeuHw,¬°PRESENTAMOS NUESTRO YOUTUBE TIER!,"Jun 28, 2020",0,1,93,1.6704,1,4190,0.62
ROOsKlJ8MIU,C√≥mo buscar un buen regalo navide√±o #Shorts #Podcast #YoutubeShorts,"Dec 22, 2021",0,4,831,8.41,4,6991,1.12
RPzp4h3xyOM,¬°DEJEMOS LAS QUEJAS! | Lo Que Nadie Te Dijo #40,"May 15, 2020",0,0,247,28.8121,0,5939,2.9
Rb01Wzu1ct4,¬°GENTE QUE TE VUELVE DEMENTE! | Lo Que Nadie Te Dijo #13,"Jan 6, 2020",0,0,343,75.0731,0,5692,4.37
SILPqy7QmYU,YA BASTA DE ESTAS CANCIONES!!,,0,0,81,16.7388,0,169,31.95
SfF5jTDUuAY,SE NOS METIERON AL APARTAMENTO! | CHISMOTECA,,0,0,12,2.5776,0,23,26.09
TZsHIHXIGiI,EL MISTERIO DE LOS NUD3S,,0,0,37,4.3296,0,264,7.58
TeWUtZS5abc,¬°CASI QUEMAMOS LA COCINA! ft. @FOODIE.JUDI,"Jul 10, 2020",0,0,158,19.2348,0,4787,2.44
U78K70_GuTE,LQNTD AL EXTREMO | CHISMOTECA,,0,0,35,6.3006,0,39,53.85
UlUCt49Nxnk,¬°NO JUEGUEN CON LO PARANORMAL!,,0,0,29,2.9838,0,52,26.92
V1p-t1poJKE,¬°VIVIR DE LAS REDES Y LIDIAR CON HATE! ft. @Oscar Alejandro,"Apr 5, 2021",0,2,437,103.935,2,19965,1.59
VQyhrqh_0t8,NOS FUIMOS EN LANCHA! *HARDCORE*,,0,0,77,5.1053,0,84,52.38
VVAHhQ6yG3E,¬øTUVO S3X0 CON UN UBER DRIVER? | CONFESIONES,"Dec 7, 2020",0,7,1932,363.37,4,32442,4.13
VZxtv2aJ8lg,LOS HOLIDAYS DE LQNTD - MINI VLOG,,0,0,32,2.315,0,45,44.44
VmTWRRzuFzE,¬°EXPERIENCIAS CON CIRUG√çAS PL√ÅSTICAS!,"Aug 24, 2020",0,3,1206,277.0438,3,20461,4.03
W6G8l7-9GUY,"""TIENES QUE LLAMAR A TU EX"" | MORIR√ÅS DE RISA üòÇ","Jul 24, 2020",0,0,183,27.0915,0,5080,2.76
WGDqBkXbJNk,¬°ES MOMENTO DE CHISMEAR!,"Jan 18, 2021",0,0,266,21.1862,0,8551,2.2
WYaKtSMwgIA,BIG DICK ENERGY - CHISMOTECA,,0,0,21,3.388,0,19,47.37
WgcV7oxZ6DE,¬°HABLEMOS SOBRE MENTES CRIMINALES! | Lo Que Nadie Te Dijo #36,"Apr 27, 2020",0,1,263,45.5411,1,4815,3.82
XNLODbCn4Nk,MICHELLE LEWIN VS SASCHA FITNESS!,,0,0,39,6.8798,0,63,34.92
XP-x05QkdRI,¬°ENTRE BORRACHERA Y CUENTOS DE UBER!,,0,0,54,13.9271,0,67,49.25
YAq0dkIpgl0,NUESTROS VIAJES DURANTE EL COVID,,0,0,26,5.9451,0,27,44.44
YVmGZtWOvtw,QUE HACEMOS CUANDO ESTAMOS SOLOS?,,0,0,30,4.6028,0,38,44.74
YqTrzLBdeV8,GRADUACI√ìN DE VICKY ft. RUMBITA,"Dec 18, 2020",0,0,314,19.6434,0,6962,3.27
ZLIJDOwYFtg,Te hace feliz ahorrar o gastar? #shorts #finanzas #youtubeshorts #podcast,"Dec 28, 2021",0,1,720,2.9179,1,6456,0.64
_bJSDfWNkcY,"ERES BELLA, FIRMA AQUIÃÅ | Lo Que Nadie Te Dijo #10","Dec 16, 2019",0,1,604,109.5318,1,7619,5.43
bgz_V9JdboE,EL CARRO SE POTEO,,0,0,26,3.4425,0,29,37.93
cp2L_uWnLbY,¬°KAREN SOMOS TODOS!,,0,0,23,5.0431,0,20,50
eVZ5h4MMhqw,¬°SOY UN IMPOSTOR! | Lo Que Nadie Te Dijo #21,"Mar 2, 2020",0,0,319,96.4296,0,5174,4.16
fRtw31OpdB0,TRAGOS Y CANCEL CULTURE CON @FOODANDULA,"Aug 14, 2020",0,0,187,22.2579,0,6078,2.06
fk23ZfJFWUg,¬øQUI√âN GANA ESTE A√ëO? | ELECCIONES EN EEUU,"Nov 2, 2020",0,0,132,29.4939,0,6137,1.34
g8C6j2VR2cA,¬øQUI√âN ES MAS PROBABLE QU√â?,"Feb 11, 2021",0,0,355,33.8807,0,10586,2.43
gsw2EdMSxDM,LA BOTELLITA: RETOS PICANTES üî•,"Jan 1, 2021",0,0,344,37.4048,0,8879,2.95
hGm_NO-PqDA,Marketing Enga√±oso ü§£ nuestras opiniones en el √∫ltimo episodio #Shorts #Podcast #LQNTD,"Dec 14, 2021",0,0,213,0.8671,0,5254,1.22
huO3fQ01fZI,¬øQU√â VEMOS CUANDO NO ESTAMOS JUNTAS?,,0,0,27,5.0475,0,42,40.48
hubembnVOeQ,¬øC√ìMO HACER DINERO EN 2022? ft. @JulioFinance,,0,0,4,1.0391,0,0,
iB7VI2eWsao,RECREAMOS EUPHORIA + BACKSTAGE (MORIR√ÅN DE RISA) üéÉ,"Oct 23, 2020",0,0,126,13.9213,0,4896,1.92
jpnthLdA8ro,CHISMOTECA PRE-LIVE,,0,0,14,2.1189,0,20,40
kX7zqZsLpB8,POR QUE AHORA? - LE CREEMOS A NATH CAMPOS?,,0,0,27,7.9486,0,33,36.36
lxCjfCT8tRc,¬°COSAS QUE NO SABIAS SOBRE TU CUERPO!,,0,0,19,4.1313,0,30,50
mSkkVnScXC4,TEN√çAMOS TIEMPO SIN HABLAR DE TODITO,,0,0,60,11.4397,0,71,50.7
mYyA1Bt0LBA,¬øLAS MUJERES SABEN DE DEPORTES?,"Jul 3, 2020",0,0,160,23.7888,0,4222,2.68
metQz_g4E1c,¬°PROBAMOS TIKTOK HACKS!,"Dec 11, 2020",0,1,243,16.6005,1,7151,2.48
nL-ELQRvdO0,¬°NOS PRESENTAMOS DE NUEVO! | TERCERA TEMPORADA,"Aug 16, 2020",0,0,57,0.5079,0,5197,0.69
nWQ3-Tvx0yo,MOMENTOS TRAGAME TIERRA | CHISMOTECA,,0,0,40,5.8771,0,33,75.76
oNfBrpy9uag,LOS 15CS DE DIANA,,0,0,30,3.6974,0,417,3.36
pCc0j7rxeUM,¬øQUIEN ERES EN LA CENA NAVIDE√ëA?,,0,0,30,5.4649,0,45,40
r8FGbNjLTYc,¬øLE CREEMOS A AN0NYM0US? | TEOR√çAS CONSPIRATIVAS 2.0,"Jun 5, 2020",0,0,246,41.886,0,5103,3.72
rCX-LVKPB-k,CHISMOTECA VARIADITA,,0,0,37,5.0362,0,40,57.5
s1VyjuYNV_c,¬°AQU√ç NOS LLEV√ì A COMER EL SUGAR!,"Mar 11, 2021",0,0,445,36.9842,-1,13624,2.22
sP1CczHUC9E,UN DIA CON NOSOTRAS EN MIAMI,"Nov 27, 2020",0,1,535,76.8753,1,10840,3.73
tAI5QQk97tY,CAOS EN MIAMI- PRIMER VLOG | LQNTD Vlogs,"Mar 16, 2020",0,0,183,22.1847,0,3240,4.01
tf3nyrJSGAI,PELIGRO! Abuelos al Volante ü§£ #Shorts #youtubeshorts #podcast,"Dec 24, 2021",0,2,676,3.3197,2,5526,0.94
uM4kZKMWGXc,IT'S CORONA TIME: ¬øARMA BIOL√ìGICA? | Lo Que Nadie Te Dijo #24,"Mar 16, 2020",0,0,115,21.6983,0,3093,2.62
urkSNEH3iiE,#dubai #expo #shorts,"Jan 12, 2022",0,0,125,0.4459,0,4043,0.99
v5BhQVvOMHk,"¬°LUCES, C√ÅMARA Y ACCI√ìN! ft. Martina Lavignasse Club 57 | Lo Que Nadie Te Dijo #18","Feb 10, 2020",0,0,364,139.8475,0,7455,2.62
wcgdCuol76k,NO MUESTRES LA CARA! | S3XTING & NUD3S,,0,0,22,6.1729,0,23,47.83
wlCB5SIpv38,VISITAR Y LLEGAR CON LAS MANOS VAC√çAS | CHISMOTECA,,0,0,26,5.0533,0,27,48.15
x11nYCFUZos,TRENDS DE NETFLIX PARA MATAR EL OCIO | Lo Que Nadie Te Dijo #29,"Apr 3, 2020",0,0,271,39.0511,0,5892,3.21
y57qQ7EP_hQ,AUNQUE LA FIESTA SEA DE GALA SIEMPRE PONGASE EL SOMBRERO,,0,0,31,5.7721,0,27,59.26
yy2RjY5-R_U,INTERROGATORIO INCOMODO PT. 2 üî•,"Feb 4, 2021",0,0,344,27.3599,0,8695,2.71
z3XFsV6PlGg,Cosas que le molestan a una mujer #Shorts,"Jan 14, 2022",0,0,863,3.6746,0,5808,1.79
zMtwkINzD8g,LO MEJOR Y LO PEOR DEL 2020,,0,0,28,6.7863,0,30,43.33
zvyyyn_LfkM,NOVIOS CON MASCULINIDAD FRAGIL | CHISMOTECA,,0,1,35,6.2989,1,247,8.91
